{"cameraMode":{"drawMode":2,"name":"Shaded Wireframe","section":"Shading Mode"},"sceneLighting":true,"audioPlay":false,"sceneViewState":{"showFog":true,"showMaterialUpdate":false,"showSkybox":true,"showFlares":true,"showImageEffects":true,"showParticleSystems":true},"in2DMode":false,"pivot":{"x":0.4948616623878479,"y":-0.13423213362693788,"z":0.5945408940315247},"rotation":{"x":-0.04895402118563652,"y":-0.9054502248764038,"z":0.1089324951171875,"w":-0.4075855314731598},"size":1.3286187648773194,"orthographic":false}