{"cameraMode":{"drawMode":2,"name":"Shaded Wireframe","section":"Shading Mode"},"sceneLighting":true,"audioPlay":false,"sceneViewState":{"showFog":true,"showMaterialUpdate":false,"showSkybox":true,"showFlares":true,"showImageEffects":true,"showParticleSystems":true},"in2DMode":false,"pivot":{"x":0.5881934762001038,"y":-0.03789856657385826,"z":0.5183835029602051},"rotation":{"x":-0.4795088768005371,"y":-0.515229344367981,"z":0.45183491706848147,"w":-0.548541784286499},"size":0.5948089361190796,"orthographic":false}