{"cameraMode":{"drawMode":2,"name":"Shaded Wireframe","section":"Shading Mode"},"sceneLighting":true,"audioPlay":false,"sceneViewState":{"showFog":true,"showMaterialUpdate":false,"showSkybox":true,"showFlares":true,"showImageEffects":true,"showParticleSystems":true},"in2DMode":false,"pivot":{"x":0.5881934762001038,"y":-0.03789856657385826,"z":0.5183835029602051},"rotation":{"x":-0.44879940152168276,"y":-0.5243726968765259,"z":0.6126389503479004,"w":-0.3856446146965027},"size":1.7948088645935059,"orthographic":false}