{"cameraMode":{"drawMode":2,"name":"Shaded Wireframe","section":"Shading Mode"},"sceneLighting":true,"audioPlay":false,"sceneViewState":{"showFog":true,"showMaterialUpdate":false,"showSkybox":true,"showFlares":true,"showImageEffects":true,"showParticleSystems":true},"in2DMode":false,"pivot":{"x":0.37510260939598086,"y":-0.5214659571647644,"z":-0.18648751080036164},"rotation":{"x":0.04286191612482071,"y":-0.9064632654190064,"z":0.4094127416610718,"w":0.09569814056158066},"size":2.077741861343384,"orthographic":false}